{"cameraMode":{"drawMode":0,"name":"Shaded","section":"Shading Mode"},"sceneLighting":true,"audioPlay":false,"sceneViewState":{"showFog":true,"showMaterialUpdate":false,"showSkybox":true,"showFlares":true,"showImageEffects":true,"showParticleSystems":true},"in2DMode":false,"pivot":{"x":8.817431449890137,"y":-0.4346003532409668,"z":-1.105204463005066},"rotation":{"x":0.08929163217544556,"y":0.7414274215698242,"z":-0.10070519894361496,"w":0.6573970317840576},"size":19.846378326416017,"orthographic":false}