{"cameraMode":{"drawMode":0,"name":"Shaded","section":"Shading Mode"},"sceneLighting":true,"audioPlay":false,"sceneViewState":{"showFog":true,"showMaterialUpdate":false,"showSkybox":true,"showFlares":true,"showImageEffects":true,"showParticleSystems":true},"in2DMode":false,"pivot":{"x":17.329795837402345,"y":-1.2391633987426758,"z":-19.653995513916017},"rotation":{"x":0.22636273503303529,"y":-0.37075477838516238,"z":0.09368009865283966,"w":0.8958409428596497},"size":45.096649169921878,"orthographic":true}